Workbook
Name TABLE: テーブル一覧!$C$68:$C$68
Name TABLE_2: テーブル一覧!$C$68:$C$68
Name TABLE_3: テーブル一覧!$C$68:$C$68

Sheet 改訂履歴
A1: 改訂履歴 | AM1: システムID | AQ1: KT001
AM2: システム名称 | AQ2: 学生得点管理システム
A4: 項番 | C4: 改訂日 | G4: 改訂者 | K4: 対象 | U4: 改訂内容
A5: =ROW()-4 -> 1 | C5: 44453 | G5: 相川 | K5: ＡＬＬ | U5: 新規作成
A6: =ROW()-4 -> 2
A7: =ROW()-4 -> 3
A8: =ROW()-4 -> 4
A9: =ROW()-4 -> 5
A10: =ROW()-4 -> 6
A11: =ROW()-4 -> 7
A12: =ROW()-4 -> 8
A13: =ROW()-4 -> 9
A14: =ROW()-4 -> 10
A15: =ROW()-4 -> 11
A16: =ROW()-4 -> 12
A17: =ROW()-4 -> 13
... A52: =ROW()-4 -> 48

Sheet テーブル一覧
A1: テーブル一覧 | Y1: システムID | AC1: =IF(ISBLANK(改訂履歴!AQ1),"",(改訂履歴!AQ1)) -> KT001 | AM1: 改訂日 | AQ1: 44453
Y2: システム名称 | AC2: =IF(ISBLANK(改訂履歴!AQ2),"",(改訂履歴!AQ2)) -> 学生得点管理システム | AM2: 改訂者 | AQ2: 相川
A4: No | C4: 論理名称 | M4: 物理名称 | W4: 備考
A5: =ROW()-4 -> 1 | C5: 学校テーブル | M5: T001_school
A6: =ROW()-4 -> 2 | C6: 科目テーブル | M6: T002_subject | W6: 科目は全学校で統一されている
A7: =ROW()-4 -> 3 | C7: 試験テーブル | M7: T003_test | W7: 試験の実施は学校、年度、クラスにより異なる
A8: =ROW()-4 -> 4 | C8: 学生テーブル | M8: T004_student | W8: 学生が転校した場合は学生番号を採番しなおす
A9: =ROW()-4 -> 5 | C9: 得点テーブル | M9: T005_score | W9: 試験を未受験の学生の得点はNullとする
A10: =ROW()-4 -> 6 | C10: 職員テーブル | M10: T006_techer | W10: 職員は異動があるが、職員番号は同一のものを使用する
A11: =ROW()-4 -> 7 | C11: クラステーブル | M11: T007_class | W11: クラス番号は学校により異なるため、都度登録する
A12: =ROW()-4 -> 8 | C12: クラス在籍テーブル | M12: T008_class-assign | W12: クラスに学生を割り当てるためのテーブル。学生は同時に複数のクラスには在籍できない
A13: =ROW()-4 -> 9
A14: =ROW()-4 -> 10
A15: =ROW()-4 -> 11
A16: =ROW()-4 -> 12
A17: =ROW()-4 -> 13
A18: =ROW()-4 -> 14
A19: =ROW()-4 -> 15
A20: =ROW()-4 -> 16
A21: =ROW()-4 -> 17
A22: =ROW()-4 -> 18
A23: =ROW()-4 -> 19
A24: =ROW()-4 -> 20
... A52: =ROW()-4 -> 48

Sheet 学校テーブル
A1: テーブル定義書 | K1: 論理名称 | O1: 学校テーブル | Y1: システムID | AC1: =IF(ISBLANK(改訂履歴!AQ1),"",(改訂履歴!AQ1)) -> KT001 | AK1: 改訂日 | AO1: 44453
K2: 物理名称 | O2: =VLOOKUP(O1,テーブル一覧!$C$5:$V$52,11,FALSE) -> T001_school | Y2: システム名称 | AC2: =IF(ISBLANK(改訂履歴!AQ2),"",(改訂履歴!AQ2)) -> 学生得点管理システム | AK2: 改訂者 | AO2: 相川
A4: No | C4: 論理名称 | L4: 物理名称 | U4: データ型 | Z4: 桁数 | AB4: 初期値 | AE4: PK | AG4: FK | AI4: NN | AK4: 備考
A5: =ROW()-4 -> 1 | C5: 学校コード | L5: T001_PK01_school-code | U5: varchar | Z5: 3 | AE5: 〇 | AI5: 〇
A6: =ROW()-4 -> 2 | C6: 学校名 | L6: T001_FD01_school-name | U6: varchar | Z6: 40 | AI6: 〇
A7: =ROW()-4 -> 3 | C7: 電話番号 | L7: T001_FD02_tel | U7: varchar | Z7: 12 | AI7: 〇 | AK7: ※ハイフンあり
A8: =ROW()-4 -> 4 | C8: 住所 | L8: T001_FD03_address | U8: varchar | Z8: 100 | AI8: 〇
A9: =ROW()-4 -> 5 | C9: 作成日時 | L9: T001_FD04_createdate | U9: datetime | Z9: - | AI9: 〇 | AK9: レコード作成日時
A10: =ROW()-4 -> 6 | C10: 最終更新日時 | L10: T001_FD05_updatadate | U10: datetime | Z10: - | AK10: レコード更新日時
A11: =ROW()-4 -> 7
A12: =ROW()-4 -> 8
A13: =ROW()-4 -> 9
A14: =ROW()-4 -> 10
A15: =ROW()-4 -> 11
A16: =ROW()-4 -> 12
A17: =ROW()-4 -> 13
A18: =ROW()-4 -> 14
A19: =ROW()-4 -> 15
A20: =ROW()-4 -> 16
A21: =ROW()-4 -> 17
A22: =ROW()-4 -> 18
... A50: =ROW()-4 -> 46

Sheet 科目テーブル
A1: テーブル定義書 | K1: 論理名称 | O1: 科目テーブル | Y1: システムID | AC1: =IF(ISBLANK(改訂履歴!AQ1),"",(改訂履歴!AQ1)) -> KT001 | AK1: 改訂日 | AO1: 44453
K2: 物理名称 | O2: =VLOOKUP(O1,テーブル一覧!$C$5:$V$52,11,FALSE) -> T002_subject | Y2: システム名称 | AC2: =IF(ISBLANK(改訂履歴!AQ2),"",(改訂履歴!AQ2)) -> 学生得点管理システム | AK2: 改訂者 | AO2: 相川
A4: No | C4: 論理名称 | L4: 物理名称 | U4: データ型 | Z4: 桁数 | AB4: 初期値 | AE4: PK | AG4: FK | AI4: NN | AK4: 備考
A5: =ROW()-4 -> 1 | C5: 科目コード | L5: T002_PK01_subject-code | U5: varchar | Z5: 5 | AE5: 〇 | AI5: 〇
A6: =ROW()-4 -> 2 | C6: 科目名 | L6: T002_FD01_subject-name | U6: varchar | Z6: 20 | AI6: 〇
A7: =ROW()-4 -> 3 | C7: 作成日時 | L7: T002_FD01_createdate | U7: datetime | Z7: - | AI7: 〇 | AK7: レコード作成日時
A8: =ROW()-4 -> 4 | C8: 最終更新日時 | L8: T002_FD02_updatadate | U8: datetime | Z8: - | AK8: レコード更新日時
A9: =ROW()-4 -> 5 | C9: 廃止フラグ | L9: T002_FD03_delete-flg | U9: varchar | Z9: 1 | AB9: "0" | AI9: 〇 | AK9: 科目が廃止された場合、"1"が設定される
A10: =ROW()-4 -> 6
A11: =ROW()-4 -> 7
A12: =ROW()-4 -> 8
A13: =ROW()-4 -> 9
A14: =ROW()-4 -> 10
A15: =ROW()-4 -> 11
A16: =ROW()-4 -> 12
A17: =ROW()-4 -> 13
A18: =ROW()-4 -> 14
A19: =ROW()-4 -> 15
A20: =ROW()-4 -> 16
A21: =ROW()-4 -> 17
... A50: =ROW()-4 -> 46

Sheet 試験テーブル
A1: テーブル定義書 | K1: 論理名称 | O1: 試験テーブル | Y1: システムID | AC1: =IF(ISBLANK(改訂履歴!AQ1),"",(改訂履歴!AQ1)) -> KT001 | AK1: 改訂日 | AO1: 44453
K2: 物理名称 | O2: =VLOOKUP(O1,テーブル一覧!$C$5:$V$52,11,FALSE) -> T003_test | Y2: システム名称 | AC2: =IF(ISBLANK(改訂履歴!AQ2),"",(改訂履歴!AQ2)) -> 学生得点管理システム | AK2: 改訂者 | AO2: 相川
A4: No | C4: 論理名称 | L4: 物理名称 | U4: データ型 | Z4: 桁数 | AB4: 初期値 | AE4: PK | AG4: FK | AI4: NN | AK4: 備考
A5: =ROW()-4 -> 1 | C5: 試験コード | L5: T003_PK01_test-code | U5: varchar | Z5: 10 | AE5: 〇 | AI5: 〇 | AK5: 学校コード＋試験コード＋シーケンス
A6: =ROW()-4 -> 2 | C6: 学校コード | L6: T003_FK01_school-code | U6: varchar | Z6: 3 | AG6: 〇 | AI6: 〇 | AK6: 外部キー：学校テーブル
A7: =ROW()-4 -> 3 | C7: 科目コード | L7: T003_FK02_subject-code | U7: varchar | Z7: 5 | AG7: 〇 | AI7: 〇 | AK7: 外部キー：科目テーブル
A8: =ROW()-4 -> 4 | C8: 年度 | L8: T003_FD01_year | U8: integer | Z8: - | AI8: 〇 | AK8: 西暦
A9: =ROW()-4 -> 5 | C9: クラス | L9: T003_FD02_class | U9: varchar | Z9: 10 | AI9: 〇
A10: =ROW()-4 -> 6 | C10: 作成日時 | L10: T003_FD03_createdate | U10: datetime | Z10: - | AI10: 〇 | AK10: レコード作成日時
A11: =ROW()-4 -> 7 | C11: 最終更新日時 | L11: T003_FD04_updatadate | U11: datetime | Z11: - | AK11: レコード更新日時
A12: =ROW()-4 -> 8
A13: =ROW()-4 -> 9
A14: =ROW()-4 -> 10
A15: =ROW()-4 -> 11
A16: =ROW()-4 -> 12
A17: =ROW()-4 -> 13
A18: =ROW()-4 -> 14
A19: =ROW()-4 -> 15
A20: =ROW()-4 -> 16
A21: =ROW()-4 -> 17
A22: =ROW()-4 -> 18
A23: =ROW()-4 -> 19
... A50: =ROW()-4 -> 46

Sheet 学生テーブル
A1: テーブル定義書 | K1: 論理名称 | O1: 学生テーブル | Y1: システムID | AC1: =IF(ISBLANK(改訂履歴!AQ1),"",(改訂履歴!AQ1)) -> KT001 | AK1: 改訂日 | AO1: 44453
K2: 物理名称 | O2: =VLOOKUP(O1,テーブル一覧!$C$5:$V$52,11,FALSE) -> T004_student | Y2: システム名称 | AC2: =IF(ISBLANK(改訂履歴!AQ2),"",(改訂履歴!AQ2)) -> 学生得点管理システム | AK2: 改訂者 | AO2: 相川
A4: No | C4: 論理名称 | L4: 物理名称 | U4: データ型 | Z4: 桁数 | AB4: 初期値 | AE4: PK | AG4: FK | AI4: NN | AK4: 備考
A5: =ROW()-4 -> 1 | C5: 学生番号 | L5: T004_PK01_student-code | U5: varchar | Z5: 10 | AE5: 〇 | AI5: 〇 | AK5: 入学年度＋学校コード＋シーケンス
A6: =ROW()-4 -> 2 | C6: 学生名 | L6: T004_FD01_student-code | U6: varchar | Z6: 20 | AI6: 〇 | AK6: 外部キー：学校テーブル
A7: =ROW()-4 -> 3 | C7: 生年月日 | L7: T004_FD02_birthday | U7: date | Z7: - | AI7: 〇 | AK7: YYYY/MM/DD
A8: =ROW()-4 -> 4 | C8: 住所 | L8: T004_FD03_address | U8: varchar | Z8: 100 | AI8: 〇
A9: =ROW()-4 -> 5 | C9: 電話番号 | L9: T004_FD04_tel | U9: varchar | Z9: 12 | AI9: 〇 | AK9: 固定電話or携帯電話 ※ハイフンあり
A10: =ROW()-4 -> 6 | C10: 入学年度 | L10: T004_FD05_admission-yaer | U10: integer | Z10: - | AI10: 〇 | AK10: 西暦
A11: =ROW()-4 -> 7 | C11: 学校コード | L11: T004_FD06_school-code | U11: varchar | Z11: 3 | AG11: 〇 | AI11: 〇 | AK11: 外部キー：学校テーブル
A12: =ROW()-4 -> 8 | C12: 作成日時 | L12: T004_FD07_createdate | U12: datetime | Z12: - | AI12: 〇 | AK12: レコード作成日時
A13: =ROW()-4 -> 9 | C13: 最終更新日時 | L13: T004_FD08_updatadate | U13: datetime | Z13: - | AK13: レコード更新日時
A14: =ROW()-4 -> 10 | C14: 退学フラグ | L14: T004_FD09_dropout-flg | U14: varchar | Z14: 1 | AB14: "0" | AI14: 〇 | AK14: 学生が退学した場合、"1"が設定される
A15: =ROW()-4 -> 11
A16: =ROW()-4 -> 12
A17: =ROW()-4 -> 13
A18: =ROW()-4 -> 14
A19: =ROW()-4 -> 15
A20: =ROW()-4 -> 16
A21: =ROW()-4 -> 17
A22: =ROW()-4 -> 18
A23: =ROW()-4 -> 19
A24: =ROW()-4 -> 20
A25: =ROW()-4 -> 21
A26: =ROW()-4 -> 22
... A50: =ROW()-4 -> 46

Sheet 得点テーブル
A1: テーブル定義書 | K1: 論理名称 | O1: 得点テーブル | Y1: システムID | AC1: =IF(ISBLANK(改訂履歴!AQ1),"",(改訂履歴!AQ1)) -> KT001 | AK1: 改訂日 | AO1: 44453
K2: 物理名称 | O2: =VLOOKUP(O1,テーブル一覧!$C$5:$V$52,11,FALSE) -> T005_score | Y2: システム名称 | AC2: =IF(ISBLANK(改訂履歴!AQ2),"",(改訂履歴!AQ2)) -> 学生得点管理システム | AK2: 改訂者 | AO2: 相川
A4: No | C4: 論理名称 | L4: 物理名称 | U4: データ型 | Z4: 桁数 | AB4: 初期値 | AE4: PK | AG4: FK | AI4: NN | AK4: 備考
A5: =ROW()-4 -> 1 | C5: 学生番号 | L5: T005_PK01_student-code | U5: varchar | Z5: 10 | AE5: 〇 | AG5: 〇 | AI5: 〇 | AK5: 外部キー：学生テーブル
A6: =ROW()-4 -> 2 | C6: 試験コード | L6: T005_PK01_test-code | U6: varchar | Z6: 10 | AE6: 〇 | AG6: 〇 | AI6: 〇 | AK6: 外部キー：試験テーブル
A7: =ROW()-4 -> 3 | C7: 得点 | L7: T005_FD01_score | U7: integer | Z7: - | AB7: 0 | AK7: 未受験者はNull
A8: =ROW()-4 -> 4 | C8: フィードバック | L8: T005_FD02_feedback | U8: varchar | Z8: 100
A9: =ROW()-4 -> 5 | C9: 作成日時 | L9: T005_FD03_createdate | U9: datetime | Z9: - | AI9: 〇 | AK9: レコード作成日時
A10: =ROW()-4 -> 6 | C10: 最終更新日時 | L10: T005_FD04_updatadate | U10: datetime | Z10: - | AK10: レコード更新日時
A11: =ROW()-4 -> 7
A12: =ROW()-4 -> 8
A13: =ROW()-4 -> 9
A14: =ROW()-4 -> 10
A15: =ROW()-4 -> 11
A16: =ROW()-4 -> 12
A17: =ROW()-4 -> 13
A18: =ROW()-4 -> 14
A19: =ROW()-4 -> 15
A20: =ROW()-4 -> 16
A21: =ROW()-4 -> 17
A22: =ROW()-4 -> 18
... A50: =ROW()-4 -> 46

Sheet 職員テーブル
A1: テーブル定義書 | K1: 論理名称 | O1: 職員テーブル | Y1: システムID | AC1: =IF(ISBLANK(改訂履歴!AQ1),"",(改訂履歴!AQ1)) -> KT001 | AK1: 改訂日 | AO1: 44453
K2: 物理名称 | O2: =VLOOKUP(O1,テーブル一覧!$C$5:$V$52,11,FALSE) -> T006_techer | Y2: システム名称 | AC2: =IF(ISBLANK(改訂履歴!AQ2),"",(改訂履歴!AQ2)) -> 学生得点管理システム | AK2: 改訂者 | AO2: 相川
A4: No | C4: 論理名称 | L4: 物理名称 | U4: データ型 | Z4: 桁数 | AB4: 初期値 | AE4: PK | AG4: FK | AI4: NN | AK4: 備考
A5: =ROW()-4 -> 1 | C5: 職員番号 | L5: T006_PK01_teacher-code | U5: varchar | Z5: 7 | AE5: 〇 | AG5: 〇 | AI5: 〇 | AK5: 入社年度＋シーケンス
A6: =ROW()-4 -> 2 | C6: 配属年月日 | L6: T006_PK02_assignment-date | U6: date | Z6: - | AE6: 〇 | AI6: 〇 | AK6: YYYY/MM/DD
A7: =ROW()-4 -> 3 | C7: 職員名 | L7: T006_FD01_teacher-name | U7: integer | Z7: - | AI7: 〇
A8: =ROW()-4 -> 4 | C8: 生年月日 | L8: T006_FD02_birthday | U8: date | Z8: - | AI8: 〇 | AK8: YYYY/MM/DD
A9: =ROW()-4 -> 5 | C9: 住所 | L9: T006_FD03_address | U9: varchar | Z9: 100 | AI9: 〇
A10: =ROW()-4 -> 6 | C10: 電話番号 | L10: T006_FD04_tel | U10: varchar | Z10: 12 | AI10: 〇 | AK10: 固定電話or携帯電話 ※ハイフンあり
A11: =ROW()-4 -> 7 | C11: 学校コード | L11: T006_FD05_school-code | U11: varchar | Z11: 3 | AG11: 〇 | AI11: 〇 | AK11: 外部キー：学校テーブル
A12: =ROW()-4 -> 8 | C12: 管理職フラグ | L12: T006_FD06_manager-flg | U12: integer | Z12: - | AK12: 0:一般職、1：管理職
A13: =ROW()-4 -> 9 | C13: 作成日時 | L13: T006_FD07_createdate | U13: datetime | Z13: - | AI13: 〇 | AK13: レコード作成日時
A14: =ROW()-4 -> 10 | C14: 最終更新日時 | L14: T006_FD08_updatadate | U14: datetime | Z14: - | AK14: レコード更新日時
A15: =ROW()-4 -> 11
A16: =ROW()-4 -> 12
A17: =ROW()-4 -> 13
A18: =ROW()-4 -> 14
A19: =ROW()-4 -> 15
A20: =ROW()-4 -> 16
A21: =ROW()-4 -> 17
A22: =ROW()-4 -> 18
A23: =ROW()-4 -> 19
A24: =ROW()-4 -> 20
A25: =ROW()-4 -> 21
A26: =ROW()-4 -> 22
... A50: =ROW()-4 -> 46

Sheet クラステーブル
A1: テーブル定義書 | K1: 論理名称 | O1: クラステーブル | Y1: システムID | AC1: =IF(ISBLANK(改訂履歴!AQ1),"",(改訂履歴!AQ1)) -> KT001 | AK1: 改訂日 | AO1: 44453
K2: 物理名称 | O2: =VLOOKUP(O1,テーブル一覧!$C$5:$V$52,11,FALSE) -> T007_class | Y2: システム名称 | AC2: =IF(ISBLANK(改訂履歴!AQ2),"",(改訂履歴!AQ2)) -> 学生得点管理システム | AK2: 改訂者 | AO2: 相川
A4: No | C4: 論理名称 | L4: 物理名称 | U4: データ型 | Z4: 桁数 | AB4: 初期値 | AE4: PK | AG4: FK | AI4: NN | AK4: 備考
A5: =ROW()-4 -> 1 | C5: クラスコード | L5: T007_PK01_class-code | U5: varchar | Z5: 12 | AE5: 〇 | AI5: 〇 | AK5: 学校コード+開始日+シーケンス
A6: =ROW()-4 -> 2 | C6: 学校コード | L6: T007_FD01_school-code | U6: varchar | Z6: 3 | AG6: ○ | AI6: 〇 | AK6: 外部キー：学校テーブル
A7: =ROW()-4 -> 3 | C7: 開始日 | L7: T007_FD02_startdate | U7: date | Z7: - | AI7: 〇 | AK7: YYYYMMDD
A8: =ROW()-4 -> 4 | C8: 終了日 | L8: T007_FD03_enddate | U8: date | Z8: - | AK8: YYYYMMDD
A9: =ROW()-4 -> 5 | C9: クラス名 | L9: T007_FD04_class-name | U9: varchar | AI9: 〇 | AK9: ○年○組
A10: =ROW()-4 -> 6 | C10: 担任番号 | L10: T007_FD05_teacher | U10: varchar | Z10: 7 | AG10: ○ | AK10: 外部キー：職員テーブル
A11: =ROW()-4 -> 7 | C11: 副担任番号 | L11: T007_FD06_subteacher | U11: varchar | Z11: 7 | AG11: ○ | AK11: 外部キー：職員テーブル
A12: =ROW()-4 -> 8 | C12: 作成日時 | L12: T007_FD07_createdate | U12: datetime | Z12: - | AI12: 〇 | AK12: レコード作成日時
A13: =ROW()-4 -> 9 | C13: 最終更新日時 | L13: T007_FD08_updatadate | U13: datetime | Z13: - | AK13: レコード更新日時
A14: =ROW()-4 -> 10
A15: =ROW()-4 -> 11
A16: =ROW()-4 -> 12
A17: =ROW()-4 -> 13
A18: =ROW()-4 -> 14
A19: =ROW()-4 -> 15
A20: =ROW()-4 -> 16
A21: =ROW()-4 -> 17
A22: =ROW()-4 -> 18
A23: =ROW()-4 -> 19
A24: =ROW()-4 -> 20
A25: =ROW()-4 -> 21
... A50: =ROW()-4 -> 46

Sheet クラス在籍テーブル
A1: テーブル定義書 | K1: 論理名称 | O1: クラス在籍テーブル | Y1: システムID | AC1: =IF(ISBLANK(改訂履歴!AQ1),"",(改訂履歴!AQ1)) -> KT001 | AK1: 改訂日 | AO1: 44453
K2: 物理名称 | O2: =VLOOKUP(O1,テーブル一覧!$C$5:$V$52,11,FALSE) -> T008_class-assign | Y2: システム名称 | AC2: =IF(ISBLANK(改訂履歴!AQ2),"",(改訂履歴!AQ2)) -> 学生得点管理システム | AK2: 改訂者 | AO2: 相川
A4: No | C4: 論理名称 | L4: 物理名称 | U4: データ型 | Z4: 桁数 | AB4: 初期値 | AE4: PK | AG4: FK | AI4: NN | AK4: 備考
A5: =ROW()-4 -> 1 | C5: クラスコード | L5: T008_PK01_class-code | U5: varchar | Z5: 12 | AE5: 〇 | AG5: ○ | AI5: 〇 | AK5: 外部キー：クラステーブル
A6: =ROW()-4 -> 2 | C6: 学生番号 | L6: T008_PK02_student-code | U6: varchar | Z6: 10 | AE6: 〇 | AG6: ○ | AI6: 〇 | AK6: 外部キー：学生テーブル
A7: =ROW()-4 -> 3 | C7: 開始日 | L7: T008_FD02_startdate | U7: date | Z7: - | AI7: 〇 | AK7: YYYYMMDD
A8: =ROW()-4 -> 4 | C8: 終了日 | L8: T008_FD03_enddate | U8: date | Z8: - | AK8: YYYYMMDD
A9: =ROW()-4 -> 5 | C9: 作成日時 | L9: T008_FD04_createdate | U9: datetime | Z9: - | AI9: 〇 | AK9: レコード作成日時
A10: =ROW()-4 -> 6 | C10: 最終更新日時 | L10: T008_FD04_updatadate | U10: datetime | Z10: - | AK10: レコード更新日時
A11: =ROW()-4 -> 7
A12: =ROW()-4 -> 8
A13: =ROW()-4 -> 9
A14: =ROW()-4 -> 10
A15: =ROW()-4 -> 11
A16: =ROW()-4 -> 12
A17: =ROW()-4 -> 13
A18: =ROW()-4 -> 14
A19: =ROW()-4 -> 15
A20: =ROW()-4 -> 16
A21: =ROW()-4 -> 17
A22: =ROW()-4 -> 18
... A50: =ROW()-4 -> 46
